accuracy,loss,precision,recall,val_accuracy,val_loss,val_precision,val_recall,learning_rate
0.9473267793655396,0.15963338315486908,0.9563507437705994,0.940044641494751,0.8442467451095581,0.3435220420360565,0.9512557983398438,0.7069966793060303,9.999999747378752e-05
0.9639314413070679,0.10292309522628784,0.9783838987350464,0.9505668878555298,0.8746647238731384,0.3276015520095825,0.985213577747345,0.7462666034698486,9.999999747378752e-05
0.9689898490905762,0.09091723710298538,0.9819760322570801,0.9570090770721436,0.8881402611732483,0.3243238925933838,0.9928597211837769,0.7690818309783936,9.999999747378752e-05
0.9712551236152649,0.08239990472793579,0.9831596612930298,0.9603161215782166,0.8949434161186218,0.3187030851840973,0.9935087561607361,0.7830475568771362,9.999999747378752e-05
0.9724427461624146,0.07965347915887833,0.9839212894439697,0.9619051814079285,0.8959246277809143,0.3237675428390503,0.9961301684379578,0.7830475568771362,9.999999747378752e-05
0.9744881391525269,0.07561822235584259,0.9855587482452393,0.9643102288246155,0.904232382774353,0.3036186695098877,0.9960440397262573,0.8007466793060303,9.999999747378752e-05
0.9756977558135986,0.07146377861499786,0.985381007194519,0.9668871164321899,0.897887110710144,0.3310326337814331,0.9970201849937439,0.7865044474601746,9.999999747378752e-05
0.975389838218689,0.07170038670301437,0.9852445125579834,0.9664146900177002,0.9050173163414001,0.3120785653591156,0.9962225556373596,0.8022676706314087,9.999999747378752e-05
0.9724647402763367,0.08040396869182587,0.9838794469833374,0.9619910717010498,0.9050827622413635,0.31842294335365295,0.9970765113830566,0.8017145991325378,4.999999873689376e-05
